Uuid,Role name,Description,Inherited roles,Privileges,_order:1000
ab2160f6-0941-430c-9752-6714353fbd3c,Privilege Level: Full,A role that has all API privileges,,Manage Concept Classes; Delete Patient Identifiers; Configure Visits; Preview Forms; Manage Privileges; Get Order Sets; View Navigation Menu; Delete Cohorts; Manage Forms; Delete Patient Programs; Manage Field Types; Add Observations; View Encounters; View Problems; Delete HL7 Inbound Exception; Update HL7 Source; View Metadata Via Mapping; Delete HL7 Inbound Archive; Add Concept Proposals; Add Patient Identifiers; View Locations; Patient Dashboard - View Encounters Section; Manage FormEntry XSN; Purge Field Types; Manage Order Set Attribute Types; Edit Concept Proposals; View Data Entry Statistics; Edit Problems; Manage Modules; Add Relationships; Manage Concept Attribute Types; Add Visits; Add Patients; Patient Dashboard - View Graphs Section; Patient Dashboard - View Demographics Section; Add Orders; Delete Encounters; Manage Address Templates; Delete Relationships; Manage HL7 Messages; Get Notes; Edit Diagnoses; Upload XSN; View Unpublished Forms; Manage Programs; View Patients; Get Conditions; Add Problems; View Programs; Patient Dashboard - View Overview Section; Manage Concept Stop Words; Manage Roles; View Concept Classes; Manage Address Hierarchy; View Observations; Manage Identifier Sources; Manage RESTWS; Get Visit Types; Get HL7 Inbound Exception; View Concept Sources; Get Visit Attribute Types; Get Visits; Get Providers; Get Location Attribute Types; Get Encounter Roles; Manage OWA; Get HL7 Source; Add HL7 Inbound Archive; Get HL7 Inbound Archive; Delete Orders; Get HL7 Inbound Queue; Assign System Developer Role; View RESTWS; Edit Patient Programs; Manage Location Attribute Types; Remove Problems; Add Patient Programs; Edit Cohorts; Manage Concept Map Types; Edit Users; Patient Dashboard - View Patient Summary; Get Concept Attribute Types; Add HL7 Inbound Queue; Get Concept Datatypes; Get Concept Classes; Get Roles; Manage Scheduler; Get Privileges; Get Order Types; Delete Observations; Get Field Types; Get Concept Sources; Get Relationship Types; Update HL7 Inbound Archive; Update HL7 Inbound Queue; Get Identifier Types; Edit People; Delete People; Edit Patient Identifiers; View Orders; Get Forms; Get Orders; View Administration Functions; Manage Global Properties; View Patient Identifiers; Get Global Properties; Get Patient Programs; Get People; Get Person Attribute Types; Get Database Changes; Get Relationships; Get Allergies; Edit Orders; Get Problems; View Allergies; Manage Implementation Id; Get Programs; Get Concept Reference Terms; Get Order Frequencies; View Concept Proposals; Manage Encounter Types; View Roles; Get Concept Map Types; Add Allergies; Patient Dashboard - View Forms Section; Add HL7 Inbound Exception; Delete HL7 Inbound Queue; View People; Edit Allergies; Manage Location Tags; Manage Concept Reference Terms; Delete Diagnoses; Manage Person Attribute Types; Patient Overview - View Relationships; Patient Overview - View Programs; Patient Overview - View Problem List; Patient Overview - View Allergies; Manage Order Types; Get Encounters; Get Users; Get Locations; Manage Alerts; Get Encounter Types; Get Patients; View Identifier Types; Get Observations; Edit Observations; Get Patient Cohorts; Manage Providers; Get Patient Identifiers; Delete Users; Manage Locations; Manage Concept Name tags; Manage Metadata Mapping; View Forms; Edit Conditions; Add HL7 Source; Add Users; Get Concepts; View Relationship Types; Edit Notes; Get Concept Proposals; Manage Search Index; View Relationships; Manage Relationships; Generate Batch of Identifiers; View Patient Programs; Edit User Passwords; View Person Attribute Types; View Patient Cohorts; Add Encounters; Upload Batch of Identifiers; View Field Types; View Encounter Types; Manage Identifier Types; Remove Allergies; Update HL7 Inbound Exception; View Order Types; Get Diagnoses Attribute Types; Patient Overview - View Patient Actions; Patient Dashboard - View Regimen Section; Add Cohorts; Delete Visits; Manage Order Frequencies; Edit Relationships; Manage Auto Generation Options; Manage Concepts; Manage Concept Datatypes; Add People; Manage Encounter Roles; View Privileges; Delete Patients; Delete Concept Proposals; Manage Visit Types; Delete Conditions; View Concept Datatypes; Edit Patients; Delete Notes; Edit Encounters; View Concepts; Manage Visit Attribute Types; Form Entry; View Global Properties; Get Care Settings; Manage Concept Sources; Manage Order Sets; Get Order Set Attribute Types; Manage Relationship Types; Get Diagnoses; Edit Visits; View Users; Share Metadata,
f089471c-e00b-468e-96e8-46aea1b339af,Privilege Level: High,A role that has all API privileges except administrative privileges with security implications,,Manage Concept Classes; Delete Patient Identifiers; Configure Visits; Preview Forms; Get Order Sets; View Navigation Menu; Delete Cohorts; Manage Forms; Delete Patient Programs; Manage Field Types; Add Observations; View Encounters; View Problems; Delete HL7 Inbound Exception; Update HL7 Source; View Metadata Via Mapping; Delete HL7 Inbound Archive; Add Concept Proposals; Add Patient Identifiers; View Locations; Patient Dashboard - View Encounters Section; Manage FormEntry XSN; Purge Field Types; Manage Order Set Attribute Types; Edit Concept Proposals; View Data Entry Statistics; Edit Problems; Manage Modules; Add Relationships; Manage Concept Attribute Types; Add Visits; Add Patients; Patient Dashboard - View Graphs Section; Patient Dashboard - View Demographics Section; Add Orders; Delete Encounters; Manage Address Templates; Delete Relationships; Manage HL7 Messages; Get Notes; Edit Diagnoses; Upload XSN; View Unpublished Forms; Manage Programs; View Patients; Get Conditions; Add Problems; View Programs; Patient Dashboard - View Overview Section; Manage Concept Stop Words; Manage Roles; View Concept Classes; Manage Address Hierarchy; View Observations; Manage Identifier Sources; Manage RESTWS; Get Visit Types; Get HL7 Inbound Exception; View Concept Sources; Get Visit Attribute Types; Get Visits; Get Providers; Get Location Attribute Types; Get Encounter Roles; Manage OWA; Get HL7 Source; Add HL7 Inbound Archive; Get HL7 Inbound Archive; Delete Orders; Get HL7 Inbound Queue; View RESTWS; Edit Patient Programs; Manage Location Attribute Types; Remove Problems; Add Patient Programs; Edit Cohorts; Manage Concept Map Types; Edit Users; Patient Dashboard - View Patient Summary; Get Concept Attribute Types; Add HL7 Inbound Queue; Get Concept Datatypes; Get Concept Classes; Get Roles; Manage Scheduler; Get Privileges; Get Order Types; Delete Observations; Get Field Types; Get Concept Sources; Get Relationship Types; Update HL7 Inbound Archive; Update HL7 Inbound Queue; Get Identifier Types; Edit People; Delete People; Edit Patient Identifiers; View Orders; Get Forms; Get Orders; View Administration Functions; Manage Global Properties; View Patient Identifiers; Get Global Properties; Get Patient Programs; Get People; Get Person Attribute Types; Get Database Changes; Get Relationships; Get Allergies; Edit Orders; Get Problems; View Allergies; Manage Implementation Id; Get Programs; Get Concept Reference Terms; Get Order Frequencies; View Concept Proposals; Manage Encounter Types; View Roles; Get Concept Map Types; Add Allergies; Patient Dashboard - View Forms Section; Add HL7 Inbound Exception; Delete HL7 Inbound Queue; View People; Edit Allergies; Manage Location Tags; Manage Concept Reference Terms; Delete Diagnoses; Manage Person Attribute Types; Patient Overview - View Relationships; Patient Overview - View Programs; Patient Overview - View Problem List; Patient Overview - View Allergies; Manage Order Types; Get Encounters; Get Users; Get Locations; Manage Alerts; Get Encounter Types; Get Patients; View Identifier Types; Get Observations; Edit Observations; Get Patient Cohorts; Manage Providers; Get Patient Identifiers; Delete Users; Manage Locations; Manage Concept Name tags; Manage Metadata Mapping; View Forms; Edit Conditions; Add HL7 Source; Add Users; Get Concepts; View Relationship Types; Edit Notes; Get Concept Proposals; Manage Search Index; View Relationships; Manage Relationships; Generate Batch of Identifiers; View Patient Programs; Edit User Passwords; View Person Attribute Types; View Patient Cohorts; Add Encounters; Upload Batch of Identifiers; View Field Types; View Encounter Types; Manage Identifier Types; Remove Allergies; Update HL7 Inbound Exception; View Order Types; Get Diagnoses Attribute Types; Patient Overview - View Patient Actions; Patient Dashboard - View Regimen Section; Add Cohorts; Delete Visits; Manage Order Frequencies; Edit Relationships; Manage Auto Generation Options; Manage Concepts; Manage Concept Datatypes; Add People; Manage Encounter Roles; View Privileges; Delete Patients; Delete Concept Proposals; Manage Visit Types; Delete Conditions; View Concept Datatypes; Edit Patients; Delete Notes; Edit Encounters; View Concepts; Manage Visit Attribute Types; Form Entry; View Global Properties; Get Care Settings; Manage Concept Sources; Manage Order Sets; Get Order Set Attribute Types; Manage Relationship Types; Get Diagnoses; Edit Visits; View Users,
d8ddab2c-20a5-4a3c-b209-856c7fe839cd,Application: Administers System,Administers system,Privilege Level: High,,
7f04f24c-e433-4bc7-95cd-975b6f003207,Application: Configures Forms,Manages forms and attaches them to the UI,Privilege Level: High,,
66fa1ec4-5d30-4127-a693-d8b1f9519a14,Application: Configures Metadata,Access to Configure Metadata app,Privilege Level: High,,
9873dba9-484f-42c2-a98d-f224bd65117a,Application: Edits Existing Encounters,Gives user the ability to edit patient encounter,Privilege Level: High,,
dc978fe8-b574-4e11-be54-626ae2d28ed8,Application: Enters ADT Events,Enters ADT events,Privilege Level: High,,
eba658df-fa88-4dab-b000-57e1e5cb2e43,Application: Enters Vitals,Enters vitals,Privilege Level: High,,
fb393086-d6ec-4bcb-a300-5815a554c4ae,Application: Has Super User Privileges,Extends the underlying System Developer API role,System Developer; Privilege Level: High,,
2d09a0e2-240a-4dd7-9c3e-9e2cd2cb2d1f,Application: Records Allergies,Records and edits allergies,Privilege Level: High,,
58f60da3-03bd-4b57-bb3c-429b50f6939b,Application: Registers Patients,Registers patients,Privilege Level: High,app:home.admision,
564b560e-3fe8-4829-8be4-68ddb40cf106,Application: Uses Patient Summary,Uses patient summary,Privilege Level: High,app:hoja.clinica;app:hoja.clinica.resumen;app:hoja.clinica.signosVitales;app:hoja.clinica.medicamentos;app:hoja.clinica.ordenes;app:hoja.clinica.resultados;app:hoja.clinica.visitas;app:hoja.clinica.citas;app:hoja.clinica.alergias;app:hoja.clinica.condiciones;app:hoja.clinica.procedimientos;app:hoja.clinica.consultaExterna;app:hoja.clinica.adjuntos;app:hoja.clinica.historiaSocial;app:hoja.clinica.fichaFamiliar;app:hoja.clinica.tamizajes;app:hoja.clinica.odontologia;app:hoja.clinica.psicologia;app:hoja.clinica.terapiaFisica;app:hoja.clinica.interconsultas;app:hoja.clinica.inmunizaciones;app:hoja.clinica.imagenes;app:hoja.clinica.programas;app:hoja.clinica.facturacion,
93a9c2f8-9296-488f-9451-43667e1c4d7f,Application: Writes Clinical Notes,Writes clinical notes,Privilege Level: High,,
fab43ac4-79bc-4f3d-805b-bd3a82ce41e9,Organizational: Registration Clerk,Registration Clerk,Application: Registers Patients;,,
2f087f90-9c47-4262-bfce-23c7862e727e,Organizational: System Administrator,System Administrator,Application: Configures Forms; Application: Configures Metadata; Application: Administers System,,
7a4dd4c0-8f45-49f2-91b8-a4349952d07b,Doctor Consulta Externa,Atencion clinica integral de consulta externa,,app:home;app:home.colasAtencion;app:home.interconsultas;app:home.citas;app:home.laboratorio;app:home.farmacia;app:home.fua;app:opciones.busquedaPaciente;app:hoja.clinica;app:hoja.clinica.resumen;app:hoja.clinica.signosVitales;app:hoja.clinica.signosVitales.editar;app:hoja.clinica.medicamentos;app:hoja.clinica.medicamentos.editar;app:hoja.clinica.ordenes;app:hoja.clinica.ordenes.editar;app:hoja.clinica.resultados;app:hoja.clinica.resultados.editar;app:hoja.clinica.visitas;app:hoja.clinica.visitas.editar;app:hoja.clinica.citas;app:hoja.clinica.citas.editar;app:hoja.clinica.alergias;app:hoja.clinica.alergias.editar;app:hoja.clinica.condiciones;app:hoja.clinica.condiciones.editar;app:hoja.clinica.procedimientos;app:hoja.clinica.procedimientos.editar;app:hoja.clinica.consultaExterna;app:hoja.clinica.consultaExterna.editar;app:hoja.clinica.adjuntos;app:hoja.clinica.adjuntos.editar;app:hoja.clinica.inmunizaciones;app:hoja.clinica.inmunizaciones.editar;app:hoja.clinica.fichaFamiliar;app:hoja.clinica.fichaFamiliar.editar;app:hoja.clinica.interconsultas;app:hoja.clinica.interconsultas.editar;app:hoja.clinica.programas;app:hoja.clinica.programas.editar;View Navigation Menu;Get Patients;View Patients;Get Patient Identifiers;View Patient Identifiers;Get Identifier Types;View Identifier Types;Get People;View People;Get Person Attribute Types;View Person Attribute Types;Get Locations;View Locations;Get Location Attribute Types;Get Providers;Get Concepts;View Concepts;Get Concept Classes;View Concept Classes;Get Concept Datatypes;View Concept Datatypes;Get Concept Sources;View Concept Sources;Get Care Settings;Get Visits;Add Visits;Edit Visits;Delete Visits;Get Visit Types;Get Visit Attribute Types;Get Admission Locations;Get Beds;Get Encounters;View Encounters;Add Encounters;Edit Encounters;Delete Encounters;Get Encounter Types;View Encounter Types;Get Encounter Roles;Get Observations;View Observations;Add Observations;Edit Observations;Delete Observations;Get Forms;View Forms;Form Entry;Get Notes;Edit Notes;Delete Notes;Get Orders;View Orders;Add Orders;Edit Orders;Delete Orders;Get Order Types;View Order Types;Get Order Frequencies;Get Order Sets;Get Diagnoses;Edit Diagnoses;Delete Diagnoses;Get Diagnoses Attribute Types;Get Conditions;Edit Conditions;Delete Conditions;Get Problems;View Problems;Add Problems;Edit Problems;Remove Problems;Get Allergies;View Allergies;Add Allergies;Edit Allergies;Remove Allergies;Get Programs;View Programs;Get Patient Programs;View Patient Programs;Add Patient Programs;Edit Patient Programs;Delete Patient Programs;Get Relationships;View Relationships;Add Relationships;Edit Relationships;Delete Relationships;Get Relationship Types;View Relationship Types;View Appointments;View Appointment Services;Manage Appointments;Manage Own Appointments;Manage Appointment Queue Lifecycle;Get Queues;Get Queue Entries;Get Queue Rooms;Generate Fua from Visit;Fua Privilege;Read Fua,
e70120b5-000c-4e6f-94a5-a139c2b4b25c,Enfermera,Mismos accesos funcionales que Doctor Consulta Externa,Doctor Consulta Externa,,
71dcb611-756a-4ad3-a9bb-73b6cfe28066,Admision,Registro y busqueda de pacientes sin acceso a hoja clinica,,app:home;app:home.admision;app:home.citas;app:home.citas.editar;app:opciones.busquedaPaciente;app:opciones.registrarPaciente;View Navigation Menu;Get Patients;View Patients;Add Patients;Edit Patients;Get Patient Identifiers;View Patient Identifiers;Add Patient Identifiers;Edit Patient Identifiers;Get Identifier Types;View Identifier Types;Get People;View People;Add People;Edit People;Get Person Attribute Types;View Person Attribute Types;Get Relationships;View Relationships;Add Relationships;Edit Relationships;Get Relationship Types;View Relationship Types;Get Locations;View Locations;Get Location Attribute Types;Get Providers;Get Concepts;Get Concept Sources;Get Visits;Add Visits;Edit Visits;Get Visit Types;Get Visit Attribute Types;Get Admission Locations;Get Beds;View Appointments;View Appointment Services;Manage Appointments;Manage Own Appointments;Appointments: Invite Providers;Manage Appointment Queue Lifecycle;Get Queues;Get Queue Entries,
2049b153-6d8c-4bc1-96ab-f34f0ca43285,Laboratorio,Gestion operativa de ordenes y resultados de laboratorio,,app:home;app:home.laboratorio;app:home.laboratorio.editar;app:opciones.busquedaPaciente;View Navigation Menu;Get Patients;View Patients;Get Patient Identifiers;View Patient Identifiers;Get Locations;View Locations;Get Providers;Get Concepts;View Concepts;Get Care Settings;Get Visits;Add Visits;Edit Visits;Get Visit Types;Get Visit Attribute Types;Get Admission Locations;Get Beds;Get Encounters;View Encounters;Add Encounters;Edit Encounters;Get Encounter Types;Get Encounter Roles;Get Observations;View Observations;Add Observations;Edit Observations;Delete Observations;Get Orders;View Orders;Add Orders;Edit Orders;Get Order Types;View Order Types;Get Order Frequencies;Get Diagnoses;Get Conditions;Get Allergies;View Allergies;Get Forms;View Forms;Form Entry,
29c9d9b4-0925-417f-9343-bf9d97ac02ba,Farmacia,Gestion operativa de prescripciones y dispensacion,,app:home;app:home.farmacia;app:home.farmacia.editar;app:opciones.busquedaPaciente;View Navigation Menu;Get Patients;View Patients;Get Patient Identifiers;View Patient Identifiers;Get Locations;View Locations;Get Providers;Get Concepts;View Concepts;Get Care Settings;Get Visits;Add Visits;Edit Visits;Get Visit Types;Get Visit Attribute Types;Get Admission Locations;Get Beds;Get Encounters;View Encounters;Add Encounters;Edit Encounters;Get Encounter Types;Get Encounter Roles;Get Observations;View Observations;Add Observations;Edit Observations;Get Orders;View Orders;Add Orders;Edit Orders;Get Order Types;View Order Types;Get Order Frequencies;Get Diagnoses;Get Conditions;Get Allergies;View Allergies;Add Allergies;Edit Allergies;Task: dispensing.create.dispense;Task: dispensing.create.dispense.allowSubstitutions;Task: dispensing.edit.dispense;Task: dispensing.delete.dispense.ifCreator,
227fa2ff-f7ed-49f8-9fec-3ca63814df9e,super admin back privileges,Workaround con todos los privilegios backend sin privilegios app,Privilege Level: Full,Appointments: Invite Providers;Fua Privilege;Generate Fua from Visit;Get Admission Locations;Get Beds;Get Queue Entries;Get Queue Rooms;Get Queues;Manage Appointment Services;Manage Appointment Specialities;Manage Appointments;Manage Appointment Queue Lifecycle;Manage Cohort Definitions;Manage Data Set Definitions;Manage Dimension Definitions;Manage Fua;Manage Indicator Definitions;Manage OrderTemplates;Manage Own Appointments;Manage Queue Entries;Manage Queue Rooms;Manage Queues;Manage Report Definitions;Manage Report Designs;Manage Reports;Manage Scheduled Report Tasks;Manage Token Registrations;O3 Implementer Tools;Purge Queue Entries;Purge Queue Rooms;Read Fua;Reset Appointment Status;Run Reports;Task: dispensing.create.dispense;Task: dispensing.create.dispense.allowSubstitutions;Task: dispensing.delete.dispense;Task: dispensing.delete.dispense.ifCreator;Task: dispensing.edit.dispense;Update Fua;View Appointment Services;View Appointments;View Calculations;View Token Registrations,
