Appointment Service Uuid,Appointment Service,Status,NTS 249 Item,NTS 249 Prestacion,Scheduling Category Uuid,Scheduling Category,Category Basis,Appointment Location Uuid,Appointment Location,Arrival Policy,Queue Uuid,Queue,Queue Service Concept Uuid,Queue Location Uuid,Required Visit Type Uuid,Required Visit Type,Reason
7ba3aa21-cc56-47ca-bb4d-a60549f666c0,Consulta ambulatoria por médico general,enabled,54,Consulta ambulatoria por médico general,9f2a8cd0-32c6-4844-8df7-1ac9c4d79943,Medicina General,local-scheduling,35d2234e-129a-4c40-abb2-1ae0b2400001,UPSS - CONSULTA EXTERNA,queue-optional,d4e5f6a7-b8c9-40d1-e2f3-a4b5c6d7e8f9,Cola de Consulta Externa,51ce03e2-8987-4431-9e42-f8adca946c2c,35d2234e-129a-4c40-abb2-1ae0b2400001,b1f0e8a1-9c5d-4f0e-8892-81f3140fbc09,Atención Ambulatoria,Prestación ambulatoria que usa la cola compartida de Consulta Externa.
1ef43565-9c96-4f58-bfd2-c864c7cedac1,Teleconsulta por médico general,enabled,219,Teleconsulta por médico general,9f2a8cd0-32c6-4844-8df7-1ac9c4d79943,Medicina General,local-scheduling,35d2234e-129a-4c40-abb2-1ae0b2400001,UPSS - CONSULTA EXTERNA,direct,,,,,b1f0e8a1-9c5d-4f0e-8892-81f3140fbc09,Atención Ambulatoria,La consulta remota no requiere una línea de espera física.
4ec5c4fe-cfe0-48ff-9e4d-2f201078feae,Atención ambulatoria por enfermera(o),enabled,137,Atención ambulatoria por enfermera(o),,,profession,35d2234e-129a-4c40-abb2-1ae0b2400001,UPSS - CONSULTA EXTERNA,queue-optional,d4e5f6a7-b8c9-40d1-e2f3-a4b5c6d7e8f9,Cola de Consulta Externa,51ce03e2-8987-4431-9e42-f8adca946c2c,35d2234e-129a-4c40-abb2-1ae0b2400001,b1f0e8a1-9c5d-4f0e-8892-81f3140fbc09,Atención Ambulatoria,Enfermería es una profesión y comparte la cola de Consulta Externa.
c8d4f6e2-5b7a-41d9-93e4-7f6a8b3c2d01,Atención ambulatoria por psicólogo(a),enabled,135,Atención ambulatoria por psicólogo(a),9c8b7a6d-5e4f-43c1-9a2b-8d3e6f5c2a10,Salud Mental,local-scheduling,35d2234e-129a-4c40-abb2-1ae0b2400001,UPSS - CONSULTA EXTERNA,queue-optional,d4e5f6a7-b8c9-40d1-e2f3-a4b5c6d7e8f9,Cola de Consulta Externa,51ce03e2-8987-4431-9e42-f8adca946c2c,35d2234e-129a-4c40-abb2-1ae0b2400001,b1f0e8a1-9c5d-4f0e-8892-81f3140fbc09,Atención Ambulatoria,Salud Mental es una categoría local de agenda y no un VisitType.
a6d7f9b3-2c5e-48d1-93e4-7f8a6b5c2d02,Atención ambulatoria por obstetra,enabled,140,Atención ambulatoria por obstetra,,,profession,35d2234e-129a-4c40-abb2-1ae0b2400001,UPSS - CONSULTA EXTERNA,queue-optional,d4e5f6a7-b8c9-40d1-e2f3-a4b5c6d7e8f9,Cola de Consulta Externa,51ce03e2-8987-4431-9e42-f8adca946c2c,35d2234e-129a-4c40-abb2-1ae0b2400001,b1f0e8a1-9c5d-4f0e-8892-81f3140fbc09,Atención Ambulatoria,La atención por obstetra pertenece a Consulta Externa y no a Centro Obstétrico.
b3c2d4e5-f6a7-48d9-93e1-8f7a6b5c4d02,Consulta ambulatoria por cirujano dentista general,enabled,142,Consulta ambulatoria por cirujano dentista general,a0d4e64e-eb63-4271-bdf1-ffa10392c282,Odontología general,local-scheduling,35d2234e-129a-4c40-abb2-1ae0b2400001,UPSS - CONSULTA EXTERNA,queue-optional,d4e5f6a7-b8c9-40d1-e2f3-a4b5c6d7e8f9,Cola de Consulta Externa,51ce03e2-8987-4431-9e42-f8adca946c2c,35d2234e-129a-4c40-abb2-1ae0b2400001,b1f0e8a1-9c5d-4f0e-8892-81f3140fbc09,Atención Ambulatoria,Odontología general es una categoría local; CBMF queda reservada al servicio especialista.
d4e5f6a7-b8c9-41e2-93f3-1a9b8c7d6e04,Aplicación de inyectables,retired,520,Aplicación de inyectables,,,none,35d2234e-129a-4c40-abb2-1ae0b2400001,UPSS - CONSULTA EXTERNA,not-applicable,,,,,,,Se retira hasta confirmar la UPSS Tópico de Atención en Salud y su cartera local.
e5f6a7b8-c9d0-42f3-93e4-2b0a9c8d7e05,Atención de urgencias y emergencias,retired,N/A,Flujo no programable,,,none,35d2234e-129a-4c40-abb2-1ae0b2400003,UPSS - EMERGENCIA,not-applicable,,,,,,,Emergencia se inicia como atención inmediata y no como cita programada.
f7a8b9c0-d1e2-43f4-93e5-3b1a9c8d7e06,Atención inmediata del recién nacido,retired,9-10,Atención inmediata del recién nacido,14106bb7-dad6-4446-809d-737f4c128ae3,Pediatría,rne-medical,35d2234e-129a-4c40-abb2-1ae0b2400004,UPSS - CENTRO OBSTÉTRICO,not-applicable,,,,,,,Es una atención inmediata vinculada al parto y no una cita programable.
115b9e98-0bb4-4791-afa6-d21d071cfd87,Hospitalización de cirugía general,enabled,296,Hospitalización de cirugía general,d8e2f4a0-b5c3-41d7-942a-6c4a1e9f3b22,Cirugía General,rne-medical,35d2234e-129a-4c40-abb2-1ae0b2400002,UPSS - HOSPITALIZACIÓN,direct,,,,,e4c8b6d9-7f3a-4e7b-91a2-58b9f6c2d4b5,Hospitalización,El ingreso programado abre hospitalización sin pasar por la cola de Centro Quirúrgico.
e6a43c30-71ac-4ec6-9757-c78a50ee8e8b,Procedimientos de patología clínica,enabled,488-493,Prestaciones de patología clínica habilitadas,7e5d3c2b-8a9f-41d6-93c4-6b2a1f8e5d07,Laboratorio Clínico,local-scheduling,35d2234e-129a-4c40-abb2-1ae0b2400006,UPSS - PATOLOGÍA CLÍNICA,queue-optional,f6a7b8c9-d0e1-42f3-a4b5-c6d7e8f9a0b1,Cola de Patología Clínica,5b3fc3a4-99a0-40ec-a1e2-058a032619c9,35d2234e-129a-4c40-abb2-1ae0b2400006,b1f0e8a1-9c5d-4f0e-8892-81f3140fbc09,Atención Ambulatoria,El servicio de agenda es un agrupador local; las prestaciones efectivas dependen de la cartera habilitada.
70b7402d-fdfe-4707-94d8-5eb5780ffde5,Ecografía general y Doppler,enabled,418,Ecografía general y Doppler,2b4d6f8a-1c3e-49d5-93a7-8e5f6b3c2d01,Radiología e Imagenología,local-scheduling,35d2234e-129a-4c40-abb2-1ae0b2400013,UPSS - DIAGNÓSTICO POR IMÁGENES,queue-optional,e1f2a3b4-c5d6-47e8-f9a0-b1c2d3e4f5a6,Cola de Diagnóstico por Imágenes,d0dc9239-a16f-4efb-a313-4b9135dca233,35d2234e-129a-4c40-abb2-1ae0b2400013,b1f0e8a1-9c5d-4f0e-8892-81f3140fbc09,Atención Ambulatoria,La prestación conserva su cola y el VisitType solo expresa el ámbito ambulatorio.
74156b5c-b1b0-4432-b073-a8af65ebcb11,Atención en farmacia clínica,enabled,440,Atención en farmacia clínica,,,none,35d2234e-129a-4c40-abb2-1ae0b2400007,UPSS - FARMACIA,queue-optional,e5f6a7b8-c9d0-41e2-f3a4-b5c6d7e8f9a0,Cola de Farmacia,69d1f46b-c4cb-4760-afd2-d186c127f6ba,35d2234e-129a-4c40-abb2-1ae0b2400007,b1f0e8a1-9c5d-4f0e-8892-81f3140fbc09,Atención Ambulatoria,La prestación conserva su cola y no usa un VisitType de dispensación.
dcaa59d1-64f2-45f5-a930-2ccc0ef37e61,Rehabilitación mediante terapia física,enabled,505-506,Rehabilitación mediante terapia física,a85cfebd-f0ad-465e-859c-ee20ded8fa90,Medicina de Rehabilitación,rne-medical,35d2234e-129a-4c40-abb2-1ae0b2400010,UPSS - MEDICINA DE REHABILITACIÓN,queue-optional,b4c5d6e7-f8a9-40b1-c2d3-e4f5a6b7c8d9,Cola de Rehabilitación,e771ce10-6edd-4d17-a54c-e5de0762b7c7,35d2234e-129a-4c40-abb2-1ae0b2400010,b1f0e8a1-9c5d-4f0e-8892-81f3140fbc09,Atención Ambulatoria,La equivalencia entre servicio y cola queda explícita y no se infiere por UUID o nombre.
89bde58b-2161-4095-8e52-0d8b5003012b,Hemodiálisis,enabled,433,Hemodiálisis,e8a5a5bb-60f4-42e6-a96f-fd9da40d5c1a,Nefrología,rne-medical,35d2234e-129a-4c40-abb2-1ae0b2400011,UPSS - DIÁLISIS,queue-optional,c5d6e7f8-a9b0-41c2-d3e4-f5a6b7c8d9e0,Cola de Hemodiálisis,c10289d4-0f22-4f0e-8242-1835259404d5,35d2234e-129a-4c40-abb2-1ae0b2400011,b1f0e8a1-9c5d-4f0e-8892-81f3140fbc09,Atención Ambulatoria,La equivalencia entre servicio y cola queda explícita y la ubicación se alinea a UPSS Diálisis.
3663f478-80fb-4585-b92f-7f82873198ee,Atención ambulatoria por nutricionista,enabled,152,Atención ambulatoria por nutricionista,32f2c8e3-79cf-4016-939f-469bed37abdb,Nutrición,local-scheduling,35d2234e-129a-4c40-abb2-1ae0b2400001,UPSS - CONSULTA EXTERNA,queue-optional,d6e7f8a9-b0c1-42d3-e4f5-a6b7c8d9e0f1,Cola de Atención Nutricional,0e56ea09-42ea-4f66-ad53-76cbc770dcfa,35d2234e-129a-4c40-abb2-1ae0b2400001,b1f0e8a1-9c5d-4f0e-8892-81f3140fbc09,Atención Ambulatoria,La consulta nutricional está en Consulta Externa; la cola dedicada sigue siendo una decisión operativa local.
