Uuid,Concept Numeric uuid,Label,Absolute low,Critical low,Normal low,Normal high,Critical high,Absolute high,Criteria
c3de948e-6737-40de-8ed4-0162b20818af,9a9c73d0-76e6-4b84-b20c-dfe8efea9542,Hematocrito en % 0 - < 29 dys,0,30,50,58,70,100,	$patient.getAgeInDays() <= 28
dce6ab3f-b70f-4127-93ee-15ab303e2de0,9a9c73d0-76e6-4b84-b20c-dfe8efea9542,Hematocrito en % 28dys - <2 yrs,0,20,37,42,60,100,	$patient.getAgeInDays() > 28 && $patient.getAge() <= 1
16d28713-1ccb-439f-bf7e-bda702572fa8,9a9c73d0-76e6-4b84-b20c-dfe8efea9542,Hematocrito en % 2 yrs - <15 yrs,0,20,38,44,60,100,	$patient.getAge() > 1 && $patient.getAge() <= 14
3cceb9a9-05e5-45c1-83b4-0dc20a196f16,9a9c73d0-76e6-4b84-b20c-dfe8efea9542,Hematocrito en %  mujer > 14 yrs,0,20,38,44,60,100,	$patient.getGender().equals(""F"") && $patient.getAge() > 14
aef7e0e0-e63b-4fe5-a882-21ec1ac78421,9a9c73d0-76e6-4b84-b20c-dfe8efea9542,Hematocrito en %  hombre > 14 yrs,0,20,40,50,65,100,	$patient.getGender().equals(""M"") && $patient.getAge() > 14
f0c6d3dc-a0d2-497c-921f-b7266d448fcf,0ffe780c-a3ee-4c9c-b4dd-bf2e0f79dc7f,Hemoglobina 0 - <6 wks,0,10.8,13.5,19.5,23.4,29.25,$patient.getAgeInWeeks() < 6
a769e98e-e91f-4d4c-b029-1c66e267f32a,0ffe780c-a3ee-4c9c-b4dd-bf2e0f79dc7f,Hemoglobina 6 - <1 yrs,0,8.4,10.5,13.5,16.2,20.25,$patient.getAgeInWeeks() >= 6 && $patient.getAge() < 1
0502ff16-270e-423f-8fa6-95255fdc9b19,0ffe780c-a3ee-4c9c-b4dd-bf2e0f79dc7f,Hemoglobina 1 - <2 yrs,0,8.8,11,13.5,16.2,20.25,$patient.getAge() >= 1 && $patient.getAge() < 2
a75289e3-427c-4e14-ad67-50fc34dcc733,0ffe780c-a3ee-4c9c-b4dd-bf2e0f79dc7f,Hemoglobina 2 - <6 yrs,0,9.2,11.5,13.5,16.2,20.25,$patient.getAge() >= 2 && $patient.getAge() < 6
539619f8-19ff-4063-9f6a-03a8d9331012,0ffe780c-a3ee-4c9c-b4dd-bf2e0f79dc7f,Hemoglobina 6 - <13 yrs,0,9.6,12,14.5,17.4,21.75,$patient.getAge() >= 6 && $patient.getAge() < 13
e63ce18d-b109-4097-9257-0258fbd54340,0ffe780c-a3ee-4c9c-b4dd-bf2e0f79dc7f,Hemoglobina 13 - <16 yrs,0,10,12.5,15.5,18.6,23.25,$patient.getAge() >= 13 && $patient.getAge() < 16
ca4e4986-5945-4dd3-bba6-57cb87b267ed,0ffe780c-a3ee-4c9c-b4dd-bf2e0f79dc7f,Hemoglobina mujer 16 - <18 yrs,0,9.6,12,15,18,22.5,"$patient.getAge() >= 16 && $patient.getAge() < 18 && $patient.getGender().equals(""F"")"
380b13ad-995a-4adc-83bc-454222e81c04,0ffe780c-a3ee-4c9c-b4dd-bf2e0f79dc7f,Hemoglobina hombre 16 - <18 yrs,0,10.8,13.5,17,20.4,25.5,"$patient.getAge() >= 16 && $patient.getAge() < 18 && $patient.getGender().equals(""M"")"
4a7b9f10-7d7b-4cb5-ab6c-3f9fe96809ed,0ffe780c-a3ee-4c9c-b4dd-bf2e0f79dc7f,Hemoglobina adulto mujer 18 - <60 yrs,0,9.2,11.5,14.5,17.4,21.75,"$patient.getAge() >= 18 && $patient.getAge() < 60 && $patient.getGender().equals(""F"") && !$fn.getLatestObs(""fa067988-a6b6-4c0b-8a35-0eeb6564f613"", $patient)"
44dcad2a-1a4d-432a-928d-a7b2f15303c4,0ffe780c-a3ee-4c9c-b4dd-bf2e0f79dc7f,Hemoglobina adulto hombre 18 - <60 yrs,0,10.8,13.5,17,20.4,25.5,"$patient.getAge() >= 18 && $patient.getAge() < 60 && $patient.getGender().equals(""M"")"
d42fd5b0-8aa6-44ec-8bab-8b415569da26,0ffe780c-a3ee-4c9c-b4dd-bf2e0f79dc7f,Hemoglobina adulto mayor mujer >=60 yrs,0,9.2,11.5,14,16.8,21,"$patient.getAge() >= 60 && $patient.getGender().equals(""F"") &&  !$fn.getLatestObs(""fa067988-a6b6-4c0b-8a35-0eeb6564f613"", $patient)"
7ec23591-4ea6-41ae-b97e-d06b2fe2fce1,0ffe780c-a3ee-4c9c-b4dd-bf2e0f79dc7f,Hemoglobina adulto mayor hombre >=60 yrs,0,10,12.5,16,19.2,24,"$patient.getAge() >= 60 && $patient.getGender().equals(""M"")"
5c20e5ae-08d4-4546-b33b-50f757e09ba0,0ffe780c-a3ee-4c9c-b4dd-bf2e0f79dc7f,Hemoglobina gestante 0 - <14 wks,0,8.8,11,13.5,16.2,20.25,"$patient.getGender().equals(""F"") && $fn.getLatestObs(""fa067988-a6b6-4c0b-8a35-0eeb6564f613"", $patient) != null && $fn.getLatestObs(""fa067988-a6b6-4c0b-8a35-0eeb6564f613"", $patient).getValueNumeric() < 14"
9b3bf521-3b38-478f-8eba-0e329b4fd424,0ffe780c-a3ee-4c9c-b4dd-bf2e0f79dc7f,Hemoglobina gestante 14 - <28 wks,0,8.4,10.5,13,15.6,19.5,"$patient.getGender().equals(""F"") && $fn.getLatestObs(""fa067988-a6b6-4c0b-8a35-0eeb6564f613"", $patient) != null && $fn.getLatestObs(""fa067988-a6b6-4c0b-8a35-0eeb6564f613"", $patient).getValueNumeric() >= 14 && $fn.getLatestObs(""fa067988-a6b6-4c0b-8a35-0eeb6564f613"", $patient).getValueNumeric() < 28"
a486f5a4-3ca6-440f-a8dc-60aab2ea1fd3,0ffe780c-a3ee-4c9c-b4dd-bf2e0f79dc7f,Hemoglobina gestante 28 - <40 wks,0,8.4,10.5,12.5,15,18.75,"$patient.getGender().equals(""F"") && $fn.getLatestObs(""fa067988-a6b6-4c0b-8a35-0eeb6564f613"", $patient) != null && $fn.getLatestObs(""fa067988-a6b6-4c0b-8a35-0eeb6564f613"", $patient).getValueNumeric() >= 28 && $fn.getLatestObs(""fa067988-a6b6-4c0b-8a35-0eeb6564f613"", $patient).getValueNumeric() < 41"
d513c4b3-59dc-45e9-b5f2-21f1aa2ab0b2,2b501438-2aa7-4556-a39b-ef5dc414748a,Bilirrubina Total 0 - <14 days (Jendrassik/Grof),0,0,0.19,16.6,20,25,$patient.getAgeInDays() < 14
b98accc2-fe5f-4652-9ff8-dbd266c49a9f,2b501438-2aa7-4556-a39b-ef5dc414748a,Bilirrubina Total 14 - <1 yrs (Jendrassik/Grof),0,0,0.05,0.68,5,25,$patient.getAgeInDays() >= 14 && $patient.getAge() < 1
4318301e-685d-4c23-bd9b-7bf8b38012c6,2b501438-2aa7-4556-a39b-ef5dc414748a,Bilirrubina Total 1 - <3 yrs (Jendrassik/Grof),0,0,0.05,0.4,5,25,$patient.getAge() >= 1 && $patient.getAge() < 3
27f80ce4-c744-422d-8b29-a5fc62a31d43,2b501438-2aa7-4556-a39b-ef5dc414748a,Bilirrubina Total adulto 18 - <60 yrs (Jendrassik/Grof),0,0,0,1.2,5,25,$patient.getAge() >= 18 && $patient.getAge() < 60
f0d6e000-d62d-4f22-96ab-e4a715c63ea0,be385de1-a6f2-480e-a71e-87d64d65d926,Bilirrubina Total 0 - <2 days Liquicolor(Jendrassik/Grof),0,0,0,5,10,25,$patient.getAgeInDays() < 2
6370e14e-9452-4535-b089-6fcb8f47ff09,be385de1-a6f2-480e-a71e-87d64d65d926,Bilirrubina Total 2- <6 days Liquicolor(Jendrassik/Grof),0,0,0,12,20,25,$patient.getAgeInDays() >= 2  &&  $patient.getAgeInDays() < 6
f0cbf2fe-dab2-4edd-9806-e4730ae7ea01,be385de1-a6f2-480e-a71e-87d64d65d926,Bilirrubina Total  6- <1 month Liquicolor(Jendrassik/Grof),0,0,0,12,20,25,$patient.getAgeInDays() >= 6 && $patient.getAgeInMonths() < 1
24966c7c-f8ea-4efc-9c82-e97e1f4de59e,be385de1-a6f2-480e-a71e-87d64d65d926,Bilirrubina Total  1- <12 month Liquicolor(Jendrassik/Grof),0,0,0,1.5,5,25,$patient.getAgeInMonths() >= 1 && $patient.getAgeInMonths() < 12
33ce680b-fa8e-4d0d-b648-9f205f3cc0dd,be385de1-a6f2-480e-a71e-87d64d65d926,Bilirrubina Total adulto 18 - <60 yrs Liquicolor(Jendrassik/Grof),0,0,0,1.1,5,25,$patient.getAge() >= 18 && $patient.getAge() < 60
3c8d5907-6dee-4922-915b-144537f36b1c,f537c6d3-7fdd-45e1-896d-2a5da35e28bd,Alanina Aminotransferasa U/I (IFCC sin piridoxal fosfato) adulto hombre 18 - <60 yrs,0,0,0,42,200,500,"$patient.getAge() >= 18 && $patient.getAge() < 60 && $patient.getGender().equals(""M"")"
99e41a50-d1f9-43ab-b12b-ab8eb9c16044,f537c6d3-7fdd-45e1-896d-2a5da35e28bd,Alanina Aminotransferasa U/I (IFCC sin piridoxal fosfato) adulto mujer 18 - <60 yrs,0,0,0,32,200,500,"$patient.getAge() >= 18 && $patient.getAge() < 60 && $patient.getGender().equals(""F"")"
0d444d82-30df-481c-a052-f19b0e988d09,354230bd-e709-4c1c-bc6e-81e43f71d59d,Alanina Aminotransferasa U/I (IFCC con piridoxal fosfato) adulto hombre 18 - <60 yrs,0,0,0,45,200,500,"$patient.getAge() >= 18 && $patient.getAge() < 60 && $patient.getGender().equals(""M"")"
bd59f6bd-6d89-4640-8dd7-f0f70431b763,354230bd-e709-4c1c-bc6e-81e43f71d59d,Alanina Aminotransferasa U/I (IFCC con piridoxal fosfato) adulto mujer 18 - <60 yrs,0,0,0,34,200,500,"$patient.getAge() >= 18 && $patient.getAge() < 60 && $patient.getGender().equals(""F"")"
12f80e8d-fb40-4406-afff-6a421fba0bbe,d75ffa5a-7419-4de9-abac-732d4ee58a6f,Aspartato Aminotransferasa U/I (IFCC sin piridoxal fosfato) adulto hombre 18 - <60 yrs,0,0,0,37,200,600,"$patient.getAge() >= 18 && $patient.getAge() < 60 && $patient.getGender().equals(""M"")"
0cef4ea9-9f8f-4d88-bb94-0e67df4f93b8,d75ffa5a-7419-4de9-abac-732d4ee58a6f,Aspartato Aminotransferasa U/I (IFCC sin piridoxal fosfato) adulto mujer 18 - <60 yrs,0,0,0,31,200,600,"$patient.getAge() >= 18 && $patient.getAge() < 60 && $patient.getGender().equals(""F"")"
ac55311c-69a7-4c7e-b19a-dbc110b81bfb,fb2f2747-04af-4c91-a145-4573b9151d59,Aspartato Aminotransferasa U/I (IFCC con piridoxal fosfato) adulto hombre 18 - <60 yrs,0,0,0,35,200,600,"$patient.getAge() >= 18 && $patient.getAge() < 60 && $patient.getGender().equals(""M"")"
b37d2892-0cc9-4b57-92c1-4157b3a75d20,fb2f2747-04af-4c91-a145-4573b9151d59,Aspartato Aminotransferasa U/I (IFCC con piridoxal fosfato) adulto mujer 18 - <60 yrs,0,0,0,31,200,600,"$patient.getAge() >= 18 && $patient.getAge() < 60 && $patient.getGender().equals(""F"")"
7ee13ce4-48ac-41b8-94ba-5ea0bf3f5487,4905ca51-85d5-4d4e-a433-3958f57b145f,Suero/Plasma Ácido Úrico MonlabTest Uricasa-POD adultos mujeres 18 - <60 yrs,0,2,2.5,6.8,13,40,"$patient.getAge() >= 18 && $patient.getAge() < 60 && $patient.getGender().equals(""F"")"
cefa7c51-3ce7-4743-8ef1-62eb9af7a4c3,4905ca51-85d5-4d4e-a433-3958f57b145f,Suero/Plasma Ácido Úrico MonlabTest Uricasa-POD adultos hombres 18 - <60 yrs,0,2,3.6,7.7,13,40,"$patient.getAge() >= 18 && $patient.getAge() < 60 && $patient.getGender().equals(""M"")"
47f10c51-f349-4af7-8e3a-2ffaf9d26247,f7dcbfe1-dbd5-43bd-8e36-66caba9286e2,Suero/Plasma Ácido Úrico liquicolor (Método PAP) adultos mujeres 18 - <60 yrs,0,2,2.4,5.7,13,20,"$patient.getAge() >= 18 && $patient.getAge() < 60 && $patient.getGender().equals(""F"")"
1e2ec1b7-4e1e-43cf-add7-183157365bdd,f7dcbfe1-dbd5-43bd-8e36-66caba9286e2,Suero/Plasma Ácido Úrico liquicolor (Método PAP) adultos hombres 18 - <60 yrs,0,2,3.4,7,13,20,"$patient.getAge() >= 18 && $patient.getAge() < 60 && $patient.getGender().equals(""M"")"
811c9d4f-e1fd-4dee-a532-30b5e8cb3efc,8cec7b65-cc58-4b3e-9cd6-afbcd09c98f9,Proteinas Totales sericas g/dl recien nacido,0,0,4.6,7,9,12,$patient.getAge() < 3
6012769e-6f73-4a13-a2e4-71e4c1ec4322,8cec7b65-cc58-4b3e-9cd6-afbcd09c98f9,Proteinas Totales sericas g/dl adulto y nino de 3 años,0,0,6.6,8.7,10,12,$patient.getAge() >= 3
9c70f96c-73c4-4f55-8879-0b0b3fa8796f,309b77ab-f8d8-40b4-84fc-0ba6895c32b9,VSG(Velocidad de sedimentacion)en mm Varones < 50 yrs,0,0,0,15,50,100,$patient.getGender().equals(""M"") && $patient.getAge() < 50
54057390-0498-4087-ade3-578bcce79456,309b77ab-f8d8-40b4-84fc-0ba6895c32b9,VSG(Velocidad de sedimentacion)en mm Mujeres < 50  yrs,0,0,0,20,50,100,$patient.getGender().equals(""F"") && $patient.getAge() < 50
690626e4-8dcd-44be-978e-55676886e983,309b77ab-f8d8-40b4-84fc-0ba6895c32b9,VSG(Velocidad de sedimentacion)en mm Varones >= 50 yrs,0,0,0,20,50,100,$patient.getGender().equals(""M"") && $patient.getAge() >= 50
233e82c4-7dd6-41a8-b11e-f2485ddca2ba,309b77ab-f8d8-40b4-84fc-0ba6895c32b9,VSG(Velocidad de sedimentacion)en mm Mujeres  >= 50 yrs,0,0,0,30,50,100,$patient.getGender().equals(""F"") && $patient.getAge() >= 50
f3583b69-f9d8-46b6-bfcd-a7d0657d6336,073f14a4-c8e9-4c28-a441-b486e76fcceb,Orina Gravedad Específica Densidad (Niños y Adulto),1,1,1.005,1.030,1.040,1.040,$patient.getAgeInDays() > 1 && $patient.getAge() < 60
37d3f91c-788c-45f8-9c8d-1022ead84828,073f14a4-c8e9-4c28-a441-b486e76fcceb,Orina Gravedad Específica Densidad Recién Nacido,1,1,1.001,1.020,1.030,1.040,$patient.getAgeInDays() < 2
51f8d8e0-2b86-4d76-9ec9-13b14ee3cd6a,073f14a4-c8e9-4c28-a441-b486e76fcceb,Orina Gravedad Específica Densidad Ancianos,1,1,1.000,1.030,1.030,1.040,$patient.getAge() >= 60
26801d9a-7937-420e-9c36-03ca007a6bef,a45327ef-31bb-49a9-920f-302d46ff9f0b,Creatinina en Suero en Hombre mg/dl,0,0,0.6,1.1,5.0,13.0,$patient.getGender().equals(""M"")
74380209-eb7f-41fa-95a7-171fcdb35439,a45327ef-31bb-49a9-920f-302d46ff9f0b,Creatinina en Suero en Mujer mg/dl,0,0,0.5,0.9,5.0,13.0,$patient.getGender().equals(""F"")
498193ef-17f5-423a-9f33-4a11ca0a2449,96538674-c5a1-4e4d-b15a-25268b55d5c2,Depuracion de Creatinina en Hombre en ml/min,0,30,98,156,200,300,$patient.getGender().equals(""M"")
178ca2c2-0568-4378-b6b2-4ecd11c26951,96538674-c5a1-4e4d-b15a-25268b55d5c2,Depuracion de Creatinina en Mujer en ml/min,0,30,95,160,200,300,$patient.getGender().equals(""F"")
22d94beb-029c-46ae-a8d7-b5becb86e1b1,68944608-7bd8-47c1-93ae-4b108f391b8d,Recuento Leucocitario Recien nacido hasta antes de 12h por celulas/mm3,100,2000,9000,30000,50000,100000,$patient.getAgeInDays() == 0 && $patient.getAgeInDays() <0.5
457699ea-b506-4348-9631-3d868d81a7e3,68944608-7bd8-47c1-93ae-4b108f391b8d,Recuento Leucocitario Recien nacido 12h -<24h por celulas/mm3,100,2000,13000,38000,50000,100000,$patient.getAgeInDays() >= 0.5 && $patient.getAgeInDays() <1
bad26c6b-d9f9-4d5c-a7d4-0414c770a2f4,68944608-7bd8-47c1-93ae-4b108f391b8d,Recuento Leucocitario Recien nacido 24h -<1 wks por celulas/mm3,100,2000,9400,34000,50000,100000,$patient.getAgeInDays() >= 1 && $patient.getAgeInWeeks() < 1
060ec06a-4fcb-4d30-9022-3b91ace7c9e5,68944608-7bd8-47c1-93ae-4b108f391b8d,Recuento Leucocitario 1 -<2 wks por celulas/mm3,100,2000,5000,21000,50000,100000,$patient.getAgeInWeeks() >= 1 && $patient.getAgeInWeeks() < 2
f630c780-ae1b-426f-951b-8ad2cda94a3a,68944608-7bd8-47c1-93ae-4b108f391b8d,Recuento Leucocitario 2 wks -< 1 month  por celulas/mm3,100,2000,5000,20000,50000,100000,$patient.getAgeInWeeks() >= 2 && $patient.getAgeInMonths() < 1
fb8ddda2-f1ac-4052-b2f2-4cefd0b0f345,68944608-7bd8-47c1-93ae-4b108f391b8d,Recuento Leucocitario 1 -<6 month por celulas/mm3,100,2000,5000,19500,50000,100000,$patient.getAgeInMonths() >= 1 && $patient.getAgeInMonths() < 6
8bedf711-688e-4d98-8ee5-b40214ca7162,68944608-7bd8-47c1-93ae-4b108f391b8d,Recuento Leucocitario 6 month -<2 yr por celulas/mm3,100,2000,6000,17500,50000,100000,$patient.getAgeInMonths() >= 6 && $patient.getAge() < 2
938bf92f-c96c-40dd-b83d-62d441324d0e,68944608-7bd8-47c1-93ae-4b108f391b8d,Recuento Leucocitario 2  -<4 yr por celulas/mm3,100,2000,6000,17000,50000,100000,$patient.getAge() >= 2 && $patient.getAge() < 4
5de51d26-5ca7-45b9-a875-573d3aefb7de,68944608-7bd8-47c1-93ae-4b108f391b8d,Recuento Leucocitario 4  -<6 yr por celulas/mm3,100,2000,5500,15500,50000,100000,$patient.getAge() >= 4 && $patient.getAge() < 6
f4340e07-b270-4c36-9a74-97e2081dbf5b,68944608-7bd8-47c1-93ae-4b108f391b8d,Recuento Leucocitario 6 -<8 yr por celulas/mm3,100,2000,5000,14500,50000,100000,$patient.getAge() >= 6 && $patient.getAge() < 8
3dc9f4a6-b037-47b9-a133-82d0dc895f5c,68944608-7bd8-47c1-93ae-4b108f391b8d,Recuento Leucocitario 8 -<16 yr por celulas/mm3,100,2000,4500,13500,50000,100000,$patient.getAge() >= 8 && $patient.getAge() < 16
3d719013-62ce-4969-9c1b-1a33b7ed4720,68944608-7bd8-47c1-93ae-4b108f391b8d,Recuento Leucocitario 16 -<18 yr por celulas/mm3,100,2000,4500,13000,50000,100000,$patient.getAge() >= 16 && $patient.getAge() < 18
b080e3bc-bfbd-4f99-89fb-aaaf65cabbee,68944608-7bd8-47c1-93ae-4b108f391b8d,Recuento Leucocitario >= 18 yr por celulas/mm3,100,2000,4400,11300,50000,100000,$patient.getAge() >= 18
