Uuid,Void/Retire,Fully specified name:es,Description:es,Data class,Data type,Mappings|SAME-AS,_version:1,_order:3200
f1000000-0000-4000-8000-000000000000,,SIHCE - PSICOLOGIA,Concepto agrupador para formularios de psicologia y salud mental comunitaria.,Misc,N/A,,,
f1000000-0000-4000-8000-000000000001,,Modalidad de ingreso a salud mental,Forma de ingreso de la persona a la atencion de salud mental.,Question,Coded,,,
f1000000-0000-4000-8000-000000000002,,Motivo de atencion psicologica,Motivo principal de consulta o demanda psicologica.,Question,Text,,,
f1000000-0000-4000-8000-000000000003,,Antecedentes de salud mental,Antecedentes personales o familiares de salud mental y tratamientos previos.,Question,Text,,,
f1000000-0000-4000-8000-000000000004,,Contexto familiar social y comunitario,Descripcion del soporte familiar social educativo laboral y comunitario.,Question,Text,,,
f1000000-0000-4000-8000-000000000005,,Examen mental,Hallazgos del examen mental observados durante la evaluacion psicologica.,Question,Text,,,
f1000000-0000-4000-8000-000000000006,,Riesgo suicida o autolesivo,Nivel de riesgo suicida o autolesivo identificado.,Question,Coded,,,
f1000000-0000-4000-8000-000000000007,,Riesgo de violencia o desproteccion,Nivel de riesgo de violencia desproteccion o afectacion de terceros.,Question,Coded,,,
f1000000-0000-4000-8000-000000000008,,Consumo de alcohol u otras sustancias,Estado del consumo de alcohol u otras sustancias psicoactivas.,Question,Coded,,,
f1000000-0000-4000-8000-000000000009,,Problema priorizado de salud mental,Problema de salud mental priorizado en la atencion.,Question,Coded,,,
f1000000-0000-4000-8000-000000000010,,Severidad clinica psicosocial,Nivel de severidad clinica o psicosocial del caso.,Question,Coded,,,
f1000000-0000-4000-8000-000000000011,,Diagnostico CIE-10 de salud mental,Diagnostico de salud mental registrado en texto y codigo CIE-10 cuando aplique.,Question,Text,,,
f1000000-0000-4000-8000-000000000012,,Formulacion psicologica,Formulacion psicologica del caso factores predisponentes precipitantes perpetuantes y protectores.,Question,Text,,,
f1000000-0000-4000-8000-000000000013,,Plan de atencion individualizado de salud mental,Plan de atencion individualizado acordado con la persona familia o red de apoyo.,Question,Text,,,
f1000000-0000-4000-8000-000000000014,,Objetivos terapeuticos,Objetivos terapeuticos priorizados en el plan de atencion individualizado.,Question,Text,,,
f1000000-0000-4000-8000-000000000015,,Intervenciones planificadas de salud mental,Intervenciones psicologicas familiares comunitarias o intersectoriales planificadas.,Question,Text,,,
f1000000-0000-4000-8000-000000000016,,Participacion de familia cuidadores o comunidad,Participacion prevista de familia cuidadores red comunitaria o instituciones de apoyo.,Question,Text,,,
f1000000-0000-4000-8000-000000000017,,Frecuencia de seguimiento en salud mental,Frecuencia propuesta para seguimiento de salud mental.,Question,Text,,,
f1000000-0000-4000-8000-000000000018,,Indicadores de seguimiento del PAI,Indicadores o criterios para evaluar avance del plan de atencion individualizado.,Question,Text,,,
f1000000-0000-4000-8000-000000000019,,Tipo de intervencion psicologica,Tipo de intervencion psicologica realizada en la sesion.,Question,Coded,,,
f1000000-0000-4000-8000-000000000020,,Modalidad de atencion de salud mental,Modalidad de prestacion de la atencion de salud mental.,Question,Coded,,,
f1000000-0000-4000-8000-000000000021,,Numero de sesion psicologica,Numero correlativo de sesion psicologica o psicoterapeutica.,Question,Numeric,,,
f1000000-0000-4000-8000-000000000022,,Duracion de sesion en minutos,Duracion de la sesion de salud mental en minutos.,Question,Numeric,,,
f1000000-0000-4000-8000-000000000023,,Objetivo de la sesion,Objetivo especifico trabajado durante la sesion de salud mental.,Question,Text,,,
f1000000-0000-4000-8000-000000000024,,Tecnicas o acciones realizadas,Tecnicas psicologicas acciones de consejeria o intervenciones realizadas.,Question,Text,,,
f1000000-0000-4000-8000-000000000025,,Evolucion de salud mental,Evolucion clinica psicosocial observada durante el seguimiento.,Question,Text,,,
f1000000-0000-4000-8000-000000000026,,Acuerdos o tareas terapeuticas,Acuerdos tareas indicaciones o compromisos establecidos con la persona o familia.,Question,Text,,,
f1000000-0000-4000-8000-000000000027,,Proxima accion de salud mental,Accion prevista al cierre de la atencion de salud mental.,Question,Coded,,,
f1000000-0000-4000-8000-000000000028,,Instrumento de tamizaje de salud mental,Instrumento utilizado para tamizaje de salud mental o riesgo psicosocial.,Question,Coded,,,
f1000000-0000-4000-8000-000000000029,,Puntaje de tamizaje de salud mental,Puntaje total registrado para el instrumento de tamizaje aplicado.,Question,Numeric,,,
f1000000-0000-4000-8000-000000000030,,Resultado de tamizaje de salud mental,Resultado global del tamizaje de salud mental o riesgo psicosocial.,Question,Coded,,,
f1000000-0000-4000-8000-000000000031,,Observaciones de tamizaje de salud mental,Observaciones relevantes del tamizaje de salud mental.,Question,Text,,,
f1000000-0000-4000-8000-000000000101,,Demanda espontanea,Ingreso por demanda espontanea de la persona o familia.,Misc,N/A,,,
f1000000-0000-4000-8000-000000000102,,Referencia o interconsulta,Ingreso por referencia o interconsulta desde otro servicio o establecimiento.,Misc,N/A,,,
f1000000-0000-4000-8000-000000000103,,Seguimiento programado,Ingreso por seguimiento previamente programado.,Misc,N/A,,,
f1000000-0000-4000-8000-000000000104,,Emergencia o riesgo,Ingreso por emergencia o riesgo identificado.,Misc,N/A,,,
f1000000-0000-4000-8000-000000000111,,Riesgo no identificado,Riesgo no identificado durante la evaluacion.,Misc,N/A,,,
f1000000-0000-4000-8000-000000000112,,Riesgo bajo,Riesgo bajo identificado durante la evaluacion.,Misc,N/A,,,
f1000000-0000-4000-8000-000000000113,,Riesgo moderado,Riesgo moderado identificado durante la evaluacion.,Misc,N/A,,,
f1000000-0000-4000-8000-000000000114,,Riesgo alto o inminente,Riesgo alto o inminente identificado durante la evaluacion.,Misc,N/A,,,
f1000000-0000-4000-8000-000000000121,,Consumo no reportado,Consumo de alcohol u otras sustancias no reportado.,Misc,N/A,,,
f1000000-0000-4000-8000-000000000122,,Sospecha de consumo,Sospecha de consumo de alcohol u otras sustancias.,Misc,N/A,,,
f1000000-0000-4000-8000-000000000123,,Consumo confirmado,Consumo de alcohol u otras sustancias confirmado.,Misc,N/A,,,
f1000000-0000-4000-8000-000000000124,,En tratamiento por consumo,Persona en tratamiento o seguimiento por consumo de sustancias.,Misc,N/A,,,
f1000000-0000-4000-8000-000000000131,,Problema psicosocial,Problema psicosocial priorizado.,Misc,N/A,,,
f1000000-0000-4000-8000-000000000132,,Ansiedad,Problema de ansiedad priorizado.,Misc,N/A,,,
f1000000-0000-4000-8000-000000000133,,Depresion,Problema depresivo priorizado.,Misc,N/A,,,
f1000000-0000-4000-8000-000000000135,,Consumo de sustancias,Problema por consumo de sustancias priorizado.,Misc,N/A,,,
f1000000-0000-4000-8000-000000000137,,Duelo,Problema de duelo priorizado.,Misc,N/A,,,
f1000000-0000-4000-8000-000000000138,,Conducta suicida,Problema de conducta suicida priorizado.,Misc,N/A,,,
f1000000-0000-4000-8000-000000000139,,Otro problema de salud mental,Otro problema de salud mental priorizado.,Misc,N/A,,,
f1000000-0000-4000-8000-000000000151,,Acogida y escucha activa,Intervencion de acogida escucha activa y contencion inicial.,Misc,N/A,,,
f1000000-0000-4000-8000-000000000152,,Intervencion breve,Intervencion psicologica breve.,Misc,N/A,,,
f1000000-0000-4000-8000-000000000153,,Psicoeducacion,Intervencion de psicoeducacion.,Misc,N/A,,,
f1000000-0000-4000-8000-000000000154,,Psicoterapia individual,Sesion de psicoterapia individual.,Misc,N/A,,,
f1000000-0000-4000-8000-000000000155,,Psicoterapia familiar,Sesion de psicoterapia familiar.,Misc,N/A,,,
f1000000-0000-4000-8000-000000000156,,Psicoterapia grupal,Sesion de psicoterapia grupal.,Misc,N/A,,,
f1000000-0000-4000-8000-000000000157,,Consejeria en salud mental,Consejeria en salud mental.,Misc,N/A,,,
f1000000-0000-4000-8000-000000000158,,Seguimiento comunitario o visita domiciliaria,Seguimiento comunitario o visita domiciliaria de salud mental.,Misc,N/A,,,
f1000000-0000-4000-8000-000000000161,,Presencial,Atencion presencial.,Misc,N/A,,,
f1000000-0000-4000-8000-000000000162,,Teleconsulta,Atencion por teleconsulta.,Misc,N/A,,,
f1000000-0000-4000-8000-000000000163,,Domiciliaria,Atencion domiciliaria.,Misc,N/A,,,
f1000000-0000-4000-8000-000000000164,,Comunitaria,Atencion comunitaria.,Misc,N/A,,,
f1000000-0000-4000-8000-000000000171,,Continuar tratamiento,Continuar tratamiento o seguimiento psicologico.,Misc,N/A,,,
f1000000-0000-4000-8000-000000000172,,Referir a CSMC,Referir a Centro de Salud Mental Comunitario.,Misc,N/A,,,
f1000000-0000-4000-8000-000000000173,,Interconsulta a psiquiatria,Interconsulta a psiquiatria.,Misc,N/A,,,
f1000000-0000-4000-8000-000000000174,,Activar red de proteccion o emergencia,Activar red de proteccion emergencia o soporte intersectorial.,Misc,N/A,,,
f1000000-0000-4000-8000-000000000175,,Alta o contrarreferencia,Alta contrarreferencia o cierre de episodio.,Misc,N/A,,,
f1000000-0000-4000-8000-000000000181,,SRQ,Self Reporting Questionnaire u otro cuestionario de sintomas generales.,Misc,N/A,,,
f1000000-0000-4000-8000-000000000182,,PHQ-9,Patient Health Questionnaire de nueve items.,Misc,N/A,,,
f1000000-0000-4000-8000-000000000183,,GAD-7,Generalized Anxiety Disorder de siete items.,Misc,N/A,,,
f1000000-0000-4000-8000-000000000184,,AUDIT,Alcohol Use Disorders Identification Test.,Misc,N/A,,,
f1000000-0000-4000-8000-000000000185,,ASSIST,Alcohol Smoking and Substance Involvement Screening Test.,Misc,N/A,,,
f1000000-0000-4000-8000-000000000187,,APGAR familiar,APGAR familiar.,Misc,N/A,,,
f1000000-0000-4000-8000-000000000188,,Ficha de valoracion de riesgo,Ficha de valoracion de riesgo o violencia.,Misc,N/A,,,
f1000000-0000-4000-8000-000000000189,,Otro instrumento de tamizaje,Otro instrumento de tamizaje de salud mental.,Misc,N/A,,,
f1000000-0000-4000-8000-000000000191,,Tamizaje negativo,Tamizaje sin hallazgos de riesgo.,Misc,N/A,,,
f1000000-0000-4000-8000-000000000192,,Tamizaje positivo o en riesgo,Tamizaje positivo o con riesgo identificado.,Misc,N/A,,,
f1000000-0000-4000-8000-000000000193,,Sospecha diagnostica,Sospecha diagnostica que requiere evaluacion especializada.,Misc,N/A,,,
f1000000-0000-4000-8000-000000000194,,Requiere atencion urgente,Resultado que requiere atencion urgente o activacion de red de proteccion.,Misc,N/A,,,
