Uuid,Void/Retire,Fully specified name:es,Description:es,Data class,Data type,Mappings|SAME-AS,_version:1,_order:3600
c2380000-0000-4000-8000-000000000000,,SIHCE - CRED Huanca y desarrollo infantil,Concepto agrupador para vigilancia del neurodesarrollo CRED segun NTS 238-MINSA/DGIESP-2025.,Misc,N/A,,,
c2380001-0000-4000-8000-000000000001,,Instrumento de vigilancia del desarrollo CRED,Instrumento aplicado para vigilancia o tamizaje del desarrollo infantil en CRED.,Question,Coded,,,
c2380002-0000-4000-8000-000000000002,,Edad cronologica en dias,Edad cronologica calculada en dias al momento de la evaluacion.,Question,Numeric,,,
c2380003-0000-4000-8000-000000000003,,Edad corregida en dias,Edad corregida en dias para ninos prematuros menores de 2 anos.,Question,Numeric,,,
c2380004-0000-4000-8000-000000000004,,Semanas de prematuridad,Semanas de prematuridad calculadas como 40 semanas menos edad gestacional al nacer.,Question,Numeric,,,
c2380005-0000-4000-8000-000000000005,,Preocupacion del cuidador sobre desarrollo,Preocupacion o inquietud del cuidador sobre desarrollo comportamiento habla o aprendizaje.,Question,Coded,,,
c2380006-0000-4000-8000-000000000006,,Descripcion de preocupacion del cuidador,Detalle de preocupaciones del cuidador sobre desarrollo comportamiento habla o aprendizaje.,Question,Text,,,
c2380007-0000-4000-8000-000000000007,,Regresion de habilidades,Perdida de una habilidad previamente adquirida segun cuidador o evaluador.,Question,Coded,,,
c2380008-0000-4000-8000-000000000008,,Descripcion de regresion de habilidades,Detalle de habilidades perdidas o regresion observada.,Question,Text,,,
c2380009-0000-4000-8000-000000000009,,Pauta de edad Huanca Test,Pauta de edad aplicada para Huanca Test adaptado.,Question,Coded,,,
c2380010-0000-4000-8000-000000000010,,Fuente de evaluacion de hito,Fuente principal usada para calificar hitos del desarrollo.,Question,Coded,,,
c2380011-0000-4000-8000-000000000011,,Hitos no logrados motor grueso,Numero de hitos no logrados en area motor grueso.,Question,Numeric,,,
c2380012-0000-4000-8000-000000000012,,Hitos no logrados motor fino,Numero de hitos no logrados en area motor fino.,Question,Numeric,,,
c2380013-0000-4000-8000-000000000013,,Hitos no logrados social,Numero de hitos no logrados en area social.,Question,Numeric,,,
c2380014-0000-4000-8000-000000000014,,Hitos no logrados cognitivo,Numero de hitos no logrados en area cognitivo.,Question,Numeric,,,
c2380015-0000-4000-8000-000000000015,,Hitos no logrados habla,Numero de hitos no logrados en area habla.,Question,Numeric,,,
c2380016-0000-4000-8000-000000000016,,Detalle motor grueso Huanca,Detalle de hitos evaluados o no logrados en motor grueso.,Question,Text,,,
c2380017-0000-4000-8000-000000000017,,Detalle motor fino Huanca,Detalle de hitos evaluados o no logrados en motor fino.,Question,Text,,,
c2380018-0000-4000-8000-000000000018,,Detalle social Huanca,Detalle de hitos evaluados o no logrados en area social.,Question,Text,,,
c2380019-0000-4000-8000-000000000019,,Detalle cognitivo Huanca,Detalle de hitos evaluados o no logrados en area cognitivo.,Question,Text,,,
c2380020-0000-4000-8000-000000000020,,Detalle habla Huanca,Detalle de hitos evaluados o no logrados en area habla.,Question,Text,,,
c2380021-0000-4000-8000-000000000021,,Total de hitos no logrados Huanca,Total de hitos no logrados en la pauta de edad aplicada.,Question,Numeric,,,
c2380022-0000-4000-8000-000000000022,,Resultado Huanca Test,Interpretacion de vigilancia del neurodesarrollo con Huanca Test adaptado.,Question,Coded,,,
c2380023-0000-4000-8000-000000000023,,Accion inmediata Huanca,Accion inmediata indicada segun resultado del Huanca Test adaptado.,Question,Coded,,,
c2380024-0000-4000-8000-000000000024,,Consejeria en desarrollo infantil,Consejeria brindada para estimular el area en riesgo o promover desarrollo infantil.,Question,Text,,,
c2380025-0000-4000-8000-000000000025,,Atencion temprana del desarrollo programada,Indica si se programaron sesiones semanales de atencion temprana del desarrollo.,Question,Coded,,,
c2380026-0000-4000-8000-000000000026,,Fecha de reevaluacion del desarrollo,Fecha programada para reevaluar hito o desarrollo infantil.,Question,Date,,,
c2380027-0000-4000-8000-000000000027,,Requiere prueba EDI,Indica si corresponde aplicar prueba EDI segun hallazgo de vigilancia del desarrollo.,Question,Coded,,,
c2380028-0000-4000-8000-000000000028,,Requiere interconsulta por desarrollo,Indica si requiere interconsulta derivacion o referencia por desarrollo infantil.,Question,Coded,,,
c2380029-0000-4000-8000-000000000029,,Observaciones Huanca Test,Observaciones clinicas de vigilancia del neurodesarrollo con Huanca Test.,Question,Text,,,
c2380030-0000-4000-8000-000000000030,,Pauta de edad habilidades y conductas,Pauta de edad aplicada para lista de habilidades y conductas esperadas.,Question,Coded,,,
c2380031-0000-4000-8000-000000000031,,Ausencia en desarrollo motor sensorial,Ausencia de habilidades o conductas esperadas en desarrollo motor y sensorial.,Question,Coded,,,
c2380032-0000-4000-8000-000000000032,,Detalle desarrollo motor sensorial,Detalle de habilidades motoras o sensoriales ausentes o observadas.,Question,Text,,,
c2380033-0000-4000-8000-000000000033,,Ausencia en desarrollo socioemocional,Ausencia de habilidades o conductas esperadas en desarrollo socioemocional.,Question,Coded,,,
c2380034-0000-4000-8000-000000000034,,Detalle desarrollo socioemocional,Detalle de habilidades socioemocionales ausentes o observadas.,Question,Text,,,
c2380035-0000-4000-8000-000000000035,,Ausencia en desarrollo del lenguaje,Ausencia de habilidades o conductas esperadas en desarrollo del lenguaje.,Question,Coded,,,
c2380036-0000-4000-8000-000000000036,,Detalle desarrollo del lenguaje,Detalle de habilidades de lenguaje ausentes o observadas.,Question,Text,,,
c2380037-0000-4000-8000-000000000037,,Ausencia en desarrollo cognitivo,Ausencia de habilidades o conductas esperadas en desarrollo cognitivo.,Question,Coded,,,
c2380038-0000-4000-8000-000000000038,,Detalle desarrollo cognitivo,Detalle de habilidades cognitivas ausentes o observadas.,Question,Text,,,
c2380039-0000-4000-8000-000000000039,,Factor de riesgo para desarrollo infantil,Presencia de factor de riesgo para desarrollo infantil segun evaluacion CRED.,Question,Coded,,,
c2380040-0000-4000-8000-000000000040,,Detalle factor de riesgo desarrollo infantil,Detalle de factores de riesgo o proteccion relacionados al desarrollo infantil.,Question,Text,,,
c2380041-0000-4000-8000-000000000041,,Resultado lista habilidades y conductas,Interpretacion de la lista de habilidades y conductas esperadas por edad.,Question,Coded,,,
c2380042-0000-4000-8000-000000000042,,Accion inmediata lista habilidades,Accion inmediata segun resultado de lista de habilidades y conductas esperadas.,Question,Coded,,,
c2380043-0000-4000-8000-000000000043,,Edad en anos para lista de habilidades,Edad en anos cumplidos para aplicar lista de habilidades y conductas esperadas.,Question,Numeric,,,
c2380101-0000-4000-8000-000000000101,,Huanca Test adaptado,Prueba Huanca Test adaptada para vigilancia del neurodesarrollo hasta 36 meses.,Misc,N/A,,,
c2380102-0000-4000-8000-000000000102,,Lista de habilidades y conductas esperadas,Lista de habilidades y conductas esperadas por edad para ninos de 4 a 11 anos.,Misc,N/A,,,
c2380111-0000-4000-8000-000000000111,,Observacion directa,Hito o habilidad evaluada mediante observacion directa.,Misc,N/A,,,
c2380112-0000-4000-8000-000000000112,,Reporte del cuidador,Hito o habilidad registrada por reporte de madre padre o cuidador.,Misc,N/A,,,
c2380113-0000-4000-8000-000000000113,,Observacion y reporte,Hito o habilidad evaluada mediante observacion directa y reporte del cuidador.,Misc,N/A,,,
c2380121-0000-4000-8000-000000000121,,Pauta recien nacido,Pauta Huanca Test para recien nacido.,Misc,N/A,,,
c2380122-0000-4000-8000-000000000122,,Pauta 15 a 21 dias,Pauta Huanca Test entre 15 y 21 dias.,Misc,N/A,,,
c2380123-0000-4000-8000-000000000123,,Pauta 2 meses,Pauta Huanca Test para 2 meses.,Misc,N/A,,,
c2380124-0000-4000-8000-000000000124,,Pauta 3 meses,Pauta Huanca Test para 3 a 5 meses.,Misc,N/A,,,
c2380125-0000-4000-8000-000000000125,,Pauta 6 meses,Pauta Huanca Test para 6 a 8 meses.,Misc,N/A,,,
c2380126-0000-4000-8000-000000000126,,Pauta 9 meses,Pauta Huanca Test para 9 a 11 meses.,Misc,N/A,,,
c2380127-0000-4000-8000-000000000127,,Pauta 12 meses,Pauta Huanca Test para 12 a 17 meses.,Misc,N/A,,,
c2380128-0000-4000-8000-000000000128,,Pauta 18 meses,Pauta Huanca Test para 18 a 23 meses.,Misc,N/A,,,
c2380129-0000-4000-8000-000000000129,,Pauta 24 meses,Pauta Huanca Test para 24 a 29 meses.,Misc,N/A,,,
c2380130-0000-4000-8000-000000000130,,Pauta 30 meses,Pauta Huanca Test para 30 a 36 meses.,Misc,N/A,,,
c2380141-0000-4000-8000-000000000141,,Pauta 4 anos,Pauta de habilidades y conductas para 4 anos.,Misc,N/A,,,
c2380142-0000-4000-8000-000000000142,,Pauta 5 anos,Pauta de habilidades y conductas para 5 anos.,Misc,N/A,,,
c2380143-0000-4000-8000-000000000143,,Pauta 6 anos,Pauta de habilidades y conductas para 6 anos.,Misc,N/A,,,
c2380144-0000-4000-8000-000000000144,,Pauta 7 anos,Pauta de habilidades y conductas para 7 anos.,Misc,N/A,,,
c2380145-0000-4000-8000-000000000145,,Pauta 8 anos,Pauta de habilidades y conductas para 8 anos.,Misc,N/A,,,
c2380146-0000-4000-8000-000000000146,,Pauta 9 anos,Pauta de habilidades y conductas para 9 anos.,Misc,N/A,,,
c2380147-0000-4000-8000-000000000147,,Pauta 10 anos,Pauta de habilidades y conductas para 10 anos.,Misc,N/A,,,
c2380148-0000-4000-8000-000000000148,,Pauta 11 anos,Pauta de habilidades y conductas para 11 anos.,Misc,N/A,,,
c2380151-0000-4000-8000-000000000151,,Desarrollo esperado,Resultado compatible con desarrollo esperado para la edad.,Misc,N/A,,,
c2380152-0000-4000-8000-000000000152,,Alerta por un hito no logrado,Alerta por un hito no logrado para la pauta de edad.,Misc,N/A,,,
c2380153-0000-4000-8000-000000000153,,Alerta por dos o mas hitos no logrados,Alerta por dos o mas hitos no logrados para la pauta de edad.,Misc,N/A,,,
c2380154-0000-4000-8000-000000000154,,Ausencia de habilidad esperada,Ausencia de habilidad o conducta esperada por edad.,Misc,N/A,,,
c2380155-0000-4000-8000-000000000155,,Evaluacion no concluyente,Evaluacion no concluyente por condicion del nino o informacion no confiable.,Misc,N/A,,,
c2380161-0000-4000-8000-000000000161,,Continuar controles y consejeria,Continuar controles CRED y consejeria de desarrollo infantil.,Misc,N/A,,,
c2380162-0000-4000-8000-000000000162,,ATD semanal y reevaluacion mensual,Programar atencion temprana del desarrollo semanal y reevaluacion al mes.,Misc,N/A,,,
c2380163-0000-4000-8000-000000000163,,ATD semanal y prueba EDI,Programar atencion temprana del desarrollo semanal y aplicar prueba EDI.,Misc,N/A,,,
c2380164-0000-4000-8000-000000000164,,Interconsulta o referencia especializada,Realizar interconsulta derivacion o referencia a profesional especializado.,Misc,N/A,,,
c2380165-0000-4000-8000-000000000165,,Reprogramar evaluacion,Reprogramar evaluacion cuando el nino no se encuentra en condiciones de ser evaluado.,Misc,N/A,,,
